<?xml version="1.0" encoding="utf-8"?>
<!DOCTYPE install PUBLIC "-//Joomla! 1.6//DTD template 1.0//EN" "http://www.joomla.org/xml/dtd/1.6/template-install.dtd">
<extension version="2.5" type="template" method="upgrade" client="site">
	<name>MAPS</name>
	<version>0.0.1</version>
	<creationDate>19-04-2016</creationDate>
	<author>MQPLANET.COM</author>
	<authorEmail>taylorsuccessor@gmail.com</authorEmail>
	<authorUrl>http://www.mqplanet.com</authorUrl>
	<copyright>Copyright (C), MQ Planet. All Rights Reserved.</copyright>
	<license>license MAPS/MQPLANET http://www.mqplanet.com/maps/license.html</license>
	<t3>
		<base>base</base>
	</t3>
	<description>
		<![CDATA[
		<div align="center">
			forex MAPS
		</div>
		]]>
	</description>
	<files>
		<filename>component.php</filename>
		<filename>favicon.ico</filename>
		<filename>index.html</filename>
		<filename>index.php</filename>
		<filename>template_preview.png</filename>
		<filename>template_thumbnail.png</filename>
		<filename>templateDetails.xml</filename>
		<filename>templateHook.php</filename>
		<filename>templateInfo.php</filename>
		<filename>thememagic.xml</filename>	
		<folder>css</folder>
		<folder>etc</folder>
		<folder>fonts</folder>
		<folder>html</folder>
		<folder>images</folder>
		<folder>js</folder>
		<folder>less</folder>
		<folder>language</folder>
		<folder>tpls</folder>
	</files>

	<positions>
		<position>languageswitcherload</position>
		<position>head-search</position>
		<position>mainnav</position>
		<position>navhelper</position>
		<position>breadcrumbs</position>
		<position>sidebar-1</position>
		<position>sidebar-2</position>
		<position>mast-col</position>
		<position>footer</position>
		<position>home-0</position>
		<position>home-1</position>
		<position>home-2</position>
		<position>home-3</position>
		<position>home-4</position>
		<position>home-5</position>
		<position>position-0</position>
		<position>position-1</position>
		<position>position-2</position>
		<position>position-3</position>
		<position>position-4</position>
		<position>position-5</position>
		<position>position-6</position>
		<position>position-7</position>
		<position>position-8</position>
		<position>position-9</position>
		<position>position-10</position>
		<position>position-11</position>
		<position>position-12</position>
		<position>position-13</position>
		<position>position-14</position>
		<position>position-15</position>
		<position>footer-0</position>
		<position>footer-1</position>
		<position>footer-2</position>
		<position>footer-3</position>
		<position>footer-4</position>
		<position>footer-5</position>
		<position>footer-6</position>
		<position>footer-7</position>
		<position>footer-8</position>
		<position>footer-9</position>
		<position>footer-10</position>
		<position>debug</position>
	</positions>

	<config>
		<fields name="params" addfieldpath="/plugins/system/t3/includes/depend">

			<!-- Sample for add or disable template parameters -->
			<!--fieldset name="menu_params" label="T3_PARAMS_MEGAMENU">
				<field name="group_disable" type="t3depend" function="@group">
					<option for="menu_as_bg" value="no">menu_as_bg</option>
				</field>
			</fieldset-->
			
		</fields>
	</config>

	<updateservers>
		<server type="collection">http://update.joomlart.com/service/tracking/list.xml</server>
	</updateservers>	

</extension>
