<?xml version="1.0" encoding="utf-8"?>
<extension type="module" version="2.5" client="site" method="upgrade">
	<name>Price Ticker</name>
	<author>MQ Planet</author>
	<creationDate>April 2012</creationDate>
	<copyright>Copyright (C) 2005 - 2011 Open Source Matters. All rights reserved.</copyright>
	<license>GNU General Public License version 2 or later; see LICENSE.txt</license>
	<authorEmail>info@mqplanet.com</authorEmail>
	<authorUrl>www.mqplanet.com</authorUrl>
	<version>2.5</version>
	<description>This modules reads forex quotes from the MT-ToolsKit or directly from the MT4.</description>
	<files>
		<filename module="mod_price_ticker">mod_price_ticker.php</filename>
    <filename>helper.php</filename>
    <folder>tmpl</folder>
	</files>
	<config>
		<fields name="params">
			<fieldset name="basic">
        <field name="symbols" type="input" size="20" default="EURUSD,USDJPY,USDCHF,GBPUSD,AUDUSD,NZDUSD,GBPJPY,EURGBP," label="Symbols" description="Symbols Pairs Seperated By a Comma" />
        <field name="type" type="list" default="" label="Read Feeds From" description="">
          <option value="0">Socket Feeds</option>
          <option value="1">Database Feeds</option>
        </field>
      	<field name="db_host" type="input" default="" label="Database Host" description="" />
      	<field name="db_name" type="input" default="" label="Database Name" description="" />
      	<field name="db_user" type="input" default="" label="Database Username" description="" />
      	<field name="db_pass" type="input" default="" label="Database Password" description="" />
        <field name="ip" type="input" default="127.0.0.1" label="IP" description="The MT4 server IP" />
        <field name="port" type="input" default="443" label="Port" description="The MT4 port" />
        <field name="time_out" type="input" default="15" label="Time Out" description="The time to wait ( in seconds ) for the server to responde" />
			</fieldset>
		</fields>
	</config>
</extension>